Year,Country,Count,alpha_3,ISO_3166_2,Capital,Latitude,Longitude
1987,Afghanistan,3,AFG,AF-KNR,Kabul,34.5260109,69.1776838
1987,Angola,1,AGO,AO-CUS,Luanda,-8.8272699,13.2439512
1987,Australia,1,AUS,AU-TAS,Canberra,-35.2975906,149.1012676
1987,Cambodia,4,KHM,KH-9,Phnom Penh,11.568271,104.9224426
1987,Canada,1,CAN,CA-PE,Ottawa,45.4208777,-75.6901106
1987,China,3,CHN,CN-HL,Beijing,39.9057136,116.3912972
1987,Colombia,1,COL,CO-AMA,Bogotá,4.6533816,-74.0836333
1987,Cuba,3,CUB,CU-10,Havana,23.135305,-82.3589631
1987,Ecuador,1,ECU,EC-SD,Quito,-0.2201641,-78.5123274
1987,Egypt,1,EGY,EG-BNS,Cairo,30.0443879,31.2357257
1987,France,1,FRA,FR-YT,Paris,48.8588897,2.320041
1987,Germany,1,DEU,DE-RP,Berlin,52.5170365,13.3888599
1987,Greece,1,GRC,GR-G,Athens,37.9755648,23.7348324
1987,Iceland,2,ISL,IS-ISA,Reykjavik,64.145981,-21.9422367
1987,India,3,IND,IN-ML,New Delhi,28.6138954,77.2090057
1987,"Iran, Islamic Republic of",6,IRN,IR-29,,,
1987,Iraq,4,IRQ,IQ-SD,Baghdad,33.3061701,44.3872213
1987,Israel,5,ISR,IL-TA,Jerusalem,31.7788242,35.2257626
1987,Japan,12,JPN,JP-22,Tokyo,35.6821936,139.762221
1987,"Korea, Democratic People's Republic of",2,PRK,KP-10,,,
1987,Libya,4,LBY,LY-BU,Tripoli,32.896672,13.1777923
1987,Nicaragua,4,NIC,NI-MD,Managua,12.1544035,-86.2737642
1987,Pakistan,4,PAK,PK-GB,Islamabad,33.6938118,73.0651511
1987,Philippines,3,PHL,PH-CEB,Manila,14.5906346,120.9799964
1987,Poland,1,POL,PL-22,Warsaw,52.2319581,21.0067249
1987,Portugal,1,PRT,PT-11,Lisbon,38.7077507,-9.1365919
1987,Russian Federation,215,RUS,RU-KGD,Moscow,55.7505412,37.6174782
1987,Senegal,1,SEN,SN-LG,Dakar,14.693425,-17.447938
1987,South Africa,2,ZAF,ZA-FS,Pretoria,-25.7459277,28.1879101
1987,Spain,1,ESP,ES-SG,Madrid,40.4167047,-3.7035825
1987,Thailand,4,THA,TH-10,Bangkok,13.7524938,100.4935089
1987,United Kingdom,1,GBR,GB-RUT,London,51.5074456,-0.1277653
1987,United States,135,USA,US-MA,Washington D.C.,38.8950368,-77.0365427
1987,Uruguay,1,URY,UY-FS,Montevideo,-34.9058916,-56.1913095
1988,Afghanistan,9,AFG,AF-KNR,Kabul,34.5260109,69.1776838
1988,Angola,4,AGO,AO-CUS,Luanda,-8.8272699,13.2439512
1988,Antigua and Barbuda,1,ATG,AG-05,Saint John's,17.1184569,-61.8448509
1988,Australia,3,AUS,AU-TAS,Canberra,-35.2975906,149.1012676
1988,Bahamas,1,BHS,BS-LI,,,
1988,Cambodia,5,KHM,KH-9,Phnom Penh,11.568271,104.9224426
1988,Canada,6,CAN,CA-PE,Ottawa,45.4208777,-75.6901106
1988,Central African Republic,1,CAF,CF-KB,Bangui,4.3635118,18.5835913
1988,Chad,1,TCD,TD-BO,N'Djamena,12.1191543,15.0502758
1988,China,7,CHN,CN-HL,Beijing,39.9057136,116.3912972
1988,Comoros,1,COM,KM-A,Moroni,-11.6931255,43.2543044
1988,Cuba,3,CUB,CU-10,Havana,23.135305,-82.3589631
1988,Dominica,1,DMA,DM-07,Roseau,48.7710371,-95.7697882
1988,Egypt,1,EGY,EG-BNS,Cairo,30.0443879,31.2357257
1988,El Salvador,2,SLV,SV-UN,San Salvador,13.6989939,-89.1914249
1988,Equatorial Guinea,1,GNQ,GQ-BN,Malabo,3.741877,8.7740663
1988,Fiji,2,FJI,FJ-01,Suva,-18.1415884,178.4421662
1988,Germany,2,DEU,DE-RP,Berlin,52.5170365,13.3888599
1988,Guatemala,2,GTM,GT-TO,Guatemala City,14.6424667,-90.5131361
1988,Guinea,2,GIN,GN-KE,Conakry,9.5170602,-13.6998434
1988,Hong Kong,1,HKG,,City of Victoria,-37.0,145.0
1988,Iceland,1,ISL,IS-ISA,Reykjavik,64.145981,-21.9422367
1988,India,6,IND,IN-ML,New Delhi,28.6138954,77.2090057
1988,Indonesia,1,IDN,ID-JW,Jakarta,-6.175247,106.8270488
1988,"Iran, Islamic Republic of",10,IRN,IR-29,,,
1988,Iraq,4,IRQ,IQ-SD,Baghdad,33.3061701,44.3872213
1988,Israel,4,ISR,IL-TA,Jerusalem,31.7788242,35.2257626
1988,Japan,18,JPN,JP-22,Tokyo,35.6821936,139.762221
1988,Kenya,1,KEN,KE-39,Nairobi,-1.2832533,36.8172449
1988,Kiribati,1,KIR,KI-P,South Tarawa,1.3490778,173.0386512
1988,"Korea, Democratic People's Republic of",3,PRK,KP-10,,,
1988,Latvia,1,LVA,LV-100,Riga,56.9493977,24.1051846
1988,Libya,4,LBY,LY-BU,Tripoli,32.896672,13.1777923
1988,Lithuania,1,LTU,LT-54,Vilnius,54.6870458,25.2829111
1988,Malaysia,1,MYS,MY-07,Kuala Lumpur,3.1516964,101.6942371
1988,Marshall Islands,1,MHL,MH-T,Majuro,7.0909924,171.3816354
1988,Mongolia,1,MNG,MN-065,Ulan Bator,47.9184676,106.9177016
1988,Namibia,1,NAM,NA-OS,Windhoek,-22.5776104,17.0772739
1988,New Zealand,2,NZL,NZ-CAN,Wellington,-41.2887953,174.7772114
1988,Nicaragua,11,NIC,NI-MD,Managua,12.1544035,-86.2737642
1988,Pakistan,6,PAK,PK-GB,Islamabad,33.6938118,73.0651511
1988,Palau,1,PLW,PW-002,Ngerulmud,7.5006446,134.6242864
1988,Philippines,7,PHL,PH-CEB,Manila,14.5906346,120.9799964
1988,Russian Federation,179,RUS,RU-KGD,Moscow,55.7505412,37.6174782
1988,Somalia,1,SOM,SO-JH,Mogadishu,2.0349312,45.3419183
1988,South Africa,6,ZAF,ZA-FS,Pretoria,-25.7459277,28.1879101
1988,Thailand,4,THA,TH-10,Bangkok,13.7524938,100.4935089
1988,Togo,1,TGO,TG-C,Lomé,6.130419,1.215829
1988,United Arab Emirates,1,ARE,AE-SH,Abu Dhabi,24.4538352,54.3774014
1988,United States,100,USA,US-MA,Washington D.C.,38.8950368,-77.0365427
1988,Uruguay,1,URY,UY-FS,Montevideo,-34.9058916,-56.1913095
1988,Yemen,3,YEM,YE-HU,Sana'a,15.3538569,44.2058841
1990,Afghanistan,3,AFG,AF-KNR,Kabul,34.5260109,69.1776838
1990,Angola,2,AGO,AO-CUS,Luanda,-8.8272699,13.2439512
1990,Australia,1,AUS,AU-TAS,Canberra,-35.2975906,149.1012676
1990,Cambodia,1,KHM,KH-9,Phnom Penh,11.568271,104.9224426
1990,Canada,1,CAN,CA-PE,Ottawa,45.4208777,-75.6901106
1990,China,6,CHN,CN-HL,Beijing,39.9057136,116.3912972
1990,Cuba,1,CUB,CU-10,Havana,23.135305,-82.3589631
1990,Ethiopia,1,ETH,ET-BE,Addis Ababa,9.0358287,38.7524127
1990,Germany,6,DEU,DE-RP,Berlin,52.5170365,13.3888599
1990,Haiti,1,HTI,HT-NO,Port-au-Prince,18.547327,-72.3395928
1990,Hungary,1,HUN,HU-SS,Budapest,47.4978789,19.0402383
1990,India,2,IND,IN-ML,New Delhi,28.6138954,77.2090057
1990,"Iran, Islamic Republic of",1,IRN,IR-29,,,
1990,Israel,2,ISR,IL-TA,Jerusalem,31.7788242,35.2257626
1990,Japan,10,JPN,JP-22,Tokyo,35.6821936,139.762221
1990,Lebanon,1,LBN,LB-BH,Beirut,33.8892265,35.5025585
1990,Libya,2,LBY,LY-BU,Tripoli,32.896672,13.1777923
1990,Malta,1,MLT,MT-01,Valletta,35.8989818,14.5136759
1990,Mexico,2,MEX,MX-NAY,Mexico City,19.4326296,-99.1331785
1990,Mozambique,1,MOZ,MZ-N,Maputo,-25.966213,32.56745
1990,Namibia,2,NAM,NA-OS,Windhoek,-22.5776104,17.0772739
1990,Nicaragua,1,NIC,NI-MD,Managua,12.1544035,-86.2737642
1990,Pakistan,3,PAK,PK-GB,Islamabad,33.6938118,73.0651511
1990,Panama,3,PAN,PA-6,Panama City,8.9714493,-79.5341802
1990,Philippines,3,PHL,PH-CEB,Manila,14.5906346,120.9799964
1990,Poland,1,POL,PL-22,Warsaw,52.2319581,21.0067249
1990,Russian Federation,85,RUS,RU-KGD,Moscow,55.7505412,37.6174782
1990,South Africa,2,ZAF,ZA-FS,Pretoria,-25.7459277,28.1879101
1990,"Taiwan, Province of China",1,TWN,TW-PIF,,,
1990,United States,68,USA,US-MA,Washington D.C.,38.8950368,-77.0365427
1990,Uruguay,2,URY,UY-FS,Montevideo,-34.9058916,-56.1913095
1991,Afghanistan,2,AFG,AF-KNR,Kabul,34.5260109,69.1776838
1991,Angola,1,AGO,AO-CUS,Luanda,-8.8272699,13.2439512
1991,Argentina,1,ARG,AR-H,Buenos Aires,-34.6037181,-58.38153
1991,Australia,3,AUS,AU-TAS,Canberra,-35.2975906,149.1012676
1991,Brazil,1,BRA,BR-AC,Brasília,-10.3333333,-53.2
1991,Cambodia,5,KHM,KH-9,Phnom Penh,11.568271,104.9224426
1991,Canada,5,CAN,CA-PE,Ottawa,45.4208777,-75.6901106
1991,Chile,1,CHL,CL-NB,Santiago,9.8694792,-83.7980749
1991,China,7,CHN,CN-HL,Beijing,39.9057136,116.3912972
1991,Colombia,1,COL,CO-AMA,Bogotá,4.6533816,-74.0836333
1991,Costa Rica,1,CRI,CR-P,San José,9.9325427,-84.0795782
1991,Cuba,3,CUB,CU-10,Havana,23.135305,-82.3589631
1991,Egypt,2,EGY,EG-BNS,Cairo,30.0443879,31.2357257
1991,El Salvador,2,SLV,SV-UN,San Salvador,13.6989939,-89.1914249
1991,Ethiopia,1,ETH,ET-BE,Addis Ababa,9.0358287,38.7524127
1991,France,1,FRA,FR-YT,Paris,48.8588897,2.320041
1991,Germany,7,DEU,DE-RP,Berlin,52.5170365,13.3888599
1991,Haiti,1,HTI,HT-NO,Port-au-Prince,18.547327,-72.3395928
1991,Hungary,2,HUN,HU-SS,Budapest,47.4978789,19.0402383
1991,India,1,IND,IN-ML,New Delhi,28.6138954,77.2090057
1991,"Iran, Islamic Republic of",2,IRN,IR-29,,,
1991,Iraq,12,IRQ,IQ-SD,Baghdad,33.3061701,44.3872213
1991,Israel,5,ISR,IL-TA,Jerusalem,31.7788242,35.2257626
1991,Italy,1,ITA,IT-CS,Rome,41.8933203,12.4829321
1991,Japan,11,JPN,JP-22,Tokyo,35.6821936,139.762221
1991,Jordan,1,JOR,JO-AM,Amman,31.9515694,35.9239625
1991,"Korea, Democratic People's Republic of",3,PRK,KP-10,,,
1991,Kuwait,7,KWT,KW-HA,Kuwait City,29.3796532,47.9734174
1991,Liberia,2,LBR,LR-SI,Monrovia,6.328034,-10.797788
1991,Libya,1,LBY,LY-BU,Tripoli,32.896672,13.1777923
1991,Mexico,3,MEX,MX-NAY,Mexico City,19.4326296,-99.1331785
1991,Morocco,1,MAR,MA-KEN,Rabat,34.02236,-6.8340222
1991,Mozambique,1,MOZ,MZ-N,Maputo,-25.966213,32.56745
1991,Namibia,1,NAM,NA-OS,Windhoek,-22.5776104,17.0772739
1991,New Zealand,1,NZL,NZ-CAN,Wellington,-41.2887953,174.7772114
1991,Nicaragua,3,NIC,NI-MD,Managua,12.1544035,-86.2737642
1991,Nigeria,1,NGA,NG-KO,Abuja,9.0643305,7.4892974
1991,Pakistan,2,PAK,PK-GB,Islamabad,33.6938118,73.0651511
1991,Panama,1,PAN,PA-6,Panama City,8.9714493,-79.5341802
1991,Peru,1,PER,PE-UCA,Lima,-12.0621065,-77.0365256
1991,Philippines,3,PHL,PH-CEB,Manila,14.5906346,120.9799964
1991,Poland,3,POL,PL-22,Warsaw,52.2319581,21.0067249
1991,Russian Federation,88,RUS,RU-KGD,Moscow,55.7505412,37.6174782
1991,Somalia,1,SOM,SO-JH,Mogadishu,2.0349312,45.3419183
1991,South Africa,2,ZAF,ZA-FS,Pretoria,-25.7459277,28.1879101
1991,"Taiwan, Province of China",3,TWN,TW-PIF,,,
1991,United Kingdom,1,GBR,GB-RUT,London,51.5074456,-0.1277653
1991,United States,63,USA,US-MA,Washington D.C.,38.8950368,-77.0365427
1991,Uruguay,5,URY,UY-FS,Montevideo,-34.9058916,-56.1913095
1991,"Venezuela, Bolivarian Republic of",1,VEN,VE-J,,,
1991,Western Sahara,1,ESH,,El Aaiún,27.154512,-13.1953921
1993,Afghanistan,1,AFG,AF-KNR,Kabul,34.5260109,69.1776838
1993,Angola,2,AGO,AO-CUS,Luanda,-8.8272699,13.2439512
1993,Australia,2,AUS,AU-TAS,Canberra,-35.2975906,149.1012676
1993,Belarus,1,BLR,BY-VI,Minsk,53.9024716,27.5618225
1993,Benin,1,BEN,BJ-LI,Porto-Novo,6.4990718,2.6253361
1993,Cambodia,1,KHM,KH-9,Phnom Penh,11.568271,104.9224426
1993,China,4,CHN,CN-HL,Beijing,39.9057136,116.3912972
1993,Congo,1,COG,CG-2,,,
1993,Cuba,3,CUB,CU-10,Havana,23.135305,-82.3589631
1993,El Salvador,1,SLV,SV-UN,San Salvador,13.6989939,-89.1914249
1993,Ethiopia,1,ETH,ET-BE,Addis Ababa,9.0358287,38.7524127
1993,France,1,FRA,FR-YT,Paris,48.8588897,2.320041
1993,Gabon,1,GAB,GA-5,Libreville,0.4086518,9.4418849
1993,Germany,2,DEU,DE-RP,Berlin,52.5170365,13.3888599
1993,Haiti,2,HTI,HT-NO,Port-au-Prince,18.547327,-72.3395928
1993,Iraq,1,IRQ,IQ-SD,Baghdad,33.3061701,44.3872213
1993,Japan,10,JPN,JP-22,Tokyo,35.6821936,139.762221
1993,Kazakhstan,1,KAZ,KZ-KAR,Astana,51.1282205,71.4306682
1993,"Korea, Democratic People's Republic of",2,PRK,KP-10,,,
1993,Kuwait,2,KWT,KW-HA,Kuwait City,29.3796532,47.9734174
1993,Lebanon,1,LBN,LB-BH,Beirut,33.8892265,35.5025585
1993,Mozambique,1,MOZ,MZ-N,Maputo,-25.966213,32.56745
1993,Namibia,1,NAM,NA-OS,Windhoek,-22.5776104,17.0772739
1993,Nicaragua,1,NIC,NI-MD,Managua,12.1544035,-86.2737642
1993,Peru,1,PER,PE-UCA,Lima,-12.0621065,-77.0365256
1993,Russian Federation,32,RUS,RU-KGD,Moscow,55.7505412,37.6174782
1993,Somalia,1,SOM,SO-JH,Mogadishu,2.0349312,45.3419183
1993,South Africa,2,ZAF,ZA-FS,Pretoria,-25.7459277,28.1879101
1993,Ukraine,1,UKR,UA-14,Kiev,50.4500336,30.5241361
1993,United States,56,USA,US-MA,Washington D.C.,38.8950368,-77.0365427
1993,Uruguay,2,URY,UY-FS,Montevideo,-34.9058916,-56.1913095
1993,Western Sahara,1,ESH,,El Aaiún,27.154512,-13.1953921
1993,Zambia,1,ZMB,ZM-09,Lusaka,-15.4163395,28.2818414
1994,Afghanistan,1,AFG,AF-KNR,Kabul,34.5260109,69.1776838
1994,Angola,1,AGO,AO-CUS,Luanda,-8.8272699,13.2439512
1994,Argentina,2,ARG,AR-H,Buenos Aires,-34.6037181,-58.38153
1994,Australia,1,AUS,AU-TAS,Canberra,-35.2975906,149.1012676
1994,Belarus,1,BLR,BY-VI,Minsk,53.9024716,27.5618225
1994,Benin,1,BEN,BJ-LI,Porto-Novo,6.4990718,2.6253361
1994,Brazil,2,BRA,BR-AC,Brasília,-10.3333333,-53.2
1994,Burundi,1,BDI,BI-NG,Bujumbura,-3.3638125,29.3675028
1994,Cambodia,2,KHM,KH-9,Phnom Penh,11.568271,104.9224426
1994,Canada,1,CAN,CA-PE,Ottawa,45.4208777,-75.6901106
1994,Chile,1,CHL,CL-NB,Santiago,9.8694792,-83.7980749
1994,China,10,CHN,CN-HL,Beijing,39.9057136,116.3912972
1994,Cuba,3,CUB,CU-10,Havana,23.135305,-82.3589631
1994,Cyprus,1,CYP,CY-01,Nicosia,35.1746503,33.3638783
1994,El Salvador,1,SLV,SV-UN,San Salvador,13.6989939,-89.1914249
1994,Eritrea,1,ERI,ER-MA,Asmara,15.3389667,38.9326763
1994,Germany,3,DEU,DE-RP,Berlin,52.5170365,13.3888599
1994,Guatemala,3,GTM,GT-TO,Guatemala City,14.6424667,-90.5131361
1994,Haiti,6,HTI,HT-NO,Port-au-Prince,18.547327,-72.3395928
1994,India,3,IND,IN-ML,New Delhi,28.6138954,77.2090057
1994,"Iran, Islamic Republic of",6,IRN,IR-29,,,
1994,Iraq,9,IRQ,IQ-SD,Baghdad,33.3061701,44.3872213
1994,Israel,2,ISR,IL-TA,Jerusalem,31.7788242,35.2257626
1994,Japan,11,JPN,JP-22,Tokyo,35.6821936,139.762221
1994,Kazakhstan,2,KAZ,KZ-KAR,Astana,51.1282205,71.4306682
1994,"Korea, Democratic People's Republic of",4,PRK,KP-10,,,
1994,"Korea, Republic of",2,KOR,KR-47,,,
1994,Kuwait,1,KWT,KW-HA,Kuwait City,29.3796532,47.9734174
1994,Liberia,2,LBR,LR-SI,Monrovia,6.328034,-10.797788
1994,Libya,1,LBY,LY-BU,Tripoli,32.896672,13.1777923
1994,Malawi,1,MWI,MW-CT,Lilongwe,-13.9875107,33.768144
1994,Mali,1,MLI,ML-BKO,Bamako,12.6132655,-7.9847391
1994,Mexico,2,MEX,MX-NAY,Mexico City,19.4326296,-99.1331785
1994,Mozambique,2,MOZ,MZ-N,Maputo,-25.966213,32.56745
1994,Namibia,1,NAM,NA-OS,Windhoek,-22.5776104,17.0772739
1994,Netherlands,1,NLD,NL-GR,Amsterdam,52.3730796,4.8924534
1994,Niger,1,NER,NE-4,Niamey,13.524834,2.109823
1994,Nigeria,3,NGA,NG-KO,Abuja,9.0643305,7.4892974
1994,Pakistan,2,PAK,PK-GB,Islamabad,33.6938118,73.0651511
1994,Philippines,2,PHL,PH-CEB,Manila,14.5906346,120.9799964
1994,Poland,1,POL,PL-22,Warsaw,52.2319581,21.0067249
1994,Russian Federation,33,RUS,RU-KGD,Moscow,55.7505412,37.6174782
1994,Rwanda,4,RWA,RW-04,Kigali,-1.950851,30.061507
1994,Serbia,2,SRB,RS-12,Belgrade,44.8178131,20.4568974
1994,Somalia,6,SOM,SO-JH,Mogadishu,2.0349312,45.3419183
1994,South Africa,9,ZAF,ZA-FS,Pretoria,-25.7459277,28.1879101
1994,Sudan,1,SDN,SD-NB,Khartoum,15.5635972,32.5349123
1994,Thailand,1,THA,TH-10,Bangkok,13.7524938,100.4935089
1994,Ukraine,10,UKR,UA-14,Kiev,50.4500336,30.5241361
1994,United States,64,USA,US-MA,Washington D.C.,38.8950368,-77.0365427
1994,Uruguay,8,URY,UY-FS,Montevideo,-34.9058916,-56.1913095
1995,Afghanistan,1,AFG,AF-KNR,Kabul,34.5260109,69.1776838
1995,Angola,3,AGO,AO-CUS,Luanda,-8.8272699,13.2439512
1995,Argentina,3,ARG,AR-H,Buenos Aires,-34.6037181,-58.38153
1995,Australia,1,AUS,AU-TAS,Canberra,-35.2975906,149.1012676
1995,Belarus,4,BLR,BY-VI,Minsk,53.9024716,27.5618225
1995,Benin,1,BEN,BJ-LI,Porto-Novo,6.4990718,2.6253361
1995,Brazil,2,BRA,BR-AC,Brasília,-10.3333333,-53.2
1995,Burundi,2,BDI,BI-NG,Bujumbura,-3.3638125,29.3675028
1995,Cambodia,3,KHM,KH-9,Phnom Penh,11.568271,104.9224426
1995,Canada,4,CAN,CA-PE,Ottawa,45.4208777,-75.6901106
1995,Chile,4,CHL,CL-NB,Santiago,9.8694792,-83.7980749
1995,China,16,CHN,CN-HL,Beijing,39.9057136,116.3912972
1995,Cuba,4,CUB,CU-10,Havana,23.135305,-82.3589631
1995,Cyprus,1,CYP,CY-01,Nicosia,35.1746503,33.3638783
1995,El Salvador,2,SLV,SV-UN,San Salvador,13.6989939,-89.1914249
1995,Eritrea,1,ERI,ER-MA,Asmara,15.3389667,38.9326763
1995,France,1,FRA,FR-YT,Paris,48.8588897,2.320041
1995,Germany,2,DEU,DE-RP,Berlin,52.5170365,13.3888599
1995,Guatemala,3,GTM,GT-TO,Guatemala City,14.6424667,-90.5131361
1995,Haiti,11,HTI,HT-NO,Port-au-Prince,18.547327,-72.3395928
1995,Hungary,2,HUN,HU-SS,Budapest,47.4978789,19.0402383
1995,India,3,IND,IN-ML,New Delhi,28.6138954,77.2090057
1995,"Iran, Islamic Republic of",6,IRN,IR-29,,,
1995,Iraq,11,IRQ,IQ-SD,Baghdad,33.3061701,44.3872213
1995,Ireland,4,IRL,IE-LH,Dublin,53.3493795,-6.2605593
1995,Israel,9,ISR,IL-TA,Jerusalem,31.7788242,35.2257626
1995,Japan,10,JPN,JP-22,Tokyo,35.6821936,139.762221
1995,Jordan,3,JOR,JO-AM,Amman,31.9515694,35.9239625
1995,Kazakhstan,7,KAZ,KZ-KAR,Astana,51.1282205,71.4306682
1995,"Korea, Democratic People's Republic of",8,PRK,KP-10,,,
1995,"Korea, Republic of",1,KOR,KR-47,,,
1995,Kuwait,4,KWT,KW-HA,Kuwait City,29.3796532,47.9734174
1995,Liberia,3,LBR,LR-SI,Monrovia,6.328034,-10.797788
1995,Libya,1,LBY,LY-BU,Tripoli,32.896672,13.1777923
1995,Malawi,1,MWI,MW-CT,Lilongwe,-13.9875107,33.768144
1995,Mali,1,MLI,ML-BKO,Bamako,12.6132655,-7.9847391
1995,Mexico,8,MEX,MX-NAY,Mexico City,19.4326296,-99.1331785
1995,Mozambique,3,MOZ,MZ-N,Maputo,-25.966213,32.56745
1995,Namibia,1,NAM,NA-OS,Windhoek,-22.5776104,17.0772739
1995,Netherlands,1,NLD,NL-GR,Amsterdam,52.3730796,4.8924534
1995,Niger,1,NER,NE-4,Niamey,13.524834,2.109823
1995,Nigeria,1,NGA,NG-KO,Abuja,9.0643305,7.4892974
1995,Pakistan,2,PAK,PK-GB,Islamabad,33.6938118,73.0651511
1995,Philippines,2,PHL,PH-CEB,Manila,14.5906346,120.9799964
1995,Poland,1,POL,PL-22,Warsaw,52.2319581,21.0067249
1995,Russian Federation,49,RUS,RU-KGD,Moscow,55.7505412,37.6174782
1995,Rwanda,9,RWA,RW-04,Kigali,-1.950851,30.061507
1995,Somalia,5,SOM,SO-JH,Mogadishu,2.0349312,45.3419183
1995,South Africa,10,ZAF,ZA-FS,Pretoria,-25.7459277,28.1879101
1995,Sudan,2,SDN,SD-NB,Khartoum,15.5635972,32.5349123
1995,Thailand,1,THA,TH-10,Bangkok,13.7524938,100.4935089
1995,Ukraine,18,UKR,UA-14,Kiev,50.4500336,30.5241361
1995,United Kingdom,1,GBR,GB-RUT,London,51.5074456,-0.1277653
1995,United States,97,USA,US-MA,Washington D.C.,38.8950368,-77.0365427
1995,Uruguay,9,URY,UY-FS,Montevideo,-34.9058916,-56.1913095
1996,Afghanistan,1,AFG,AF-KNR,Kabul,34.5260109,69.1776838
1996,Angola,3,AGO,AO-CUS,Luanda,-8.8272699,13.2439512
1996,Argentina,4,ARG,AR-H,Buenos Aires,-34.6037181,-58.38153
1996,Australia,2,AUS,AU-TAS,Canberra,-35.2975906,149.1012676
1996,Belarus,9,BLR,BY-VI,Minsk,53.9024716,27.5618225
1996,Benin,1,BEN,BJ-LI,Porto-Novo,6.4990718,2.6253361
1996,Brazil,4,BRA,BR-AC,Brasília,-10.3333333,-53.2
1996,Burundi,2,BDI,BI-NG,Bujumbura,-3.3638125,29.3675028
1996,Cambodia,3,KHM,KH-9,Phnom Penh,11.568271,104.9224426
1996,Canada,5,CAN,CA-PE,Ottawa,45.4208777,-75.6901106
1996,Chile,6,CHL,CL-NB,Santiago,9.8694792,-83.7980749
1996,China,25,CHN,CN-HL,Beijing,39.9057136,116.3912972
1996,Congo,1,COG,CG-2,,,
1996,Cuba,6,CUB,CU-10,Havana,23.135305,-82.3589631
1996,Cyprus,1,CYP,CY-01,Nicosia,35.1746503,33.3638783
1996,Ecuador,2,ECU,EC-SD,Quito,-0.2201641,-78.5123274
1996,Eritrea,1,ERI,ER-MA,Asmara,15.3389667,38.9326763
1996,France,3,FRA,FR-YT,Paris,48.8588897,2.320041
1996,Germany,3,DEU,DE-RP,Berlin,52.5170365,13.3888599
1996,Guatemala,3,GTM,GT-TO,Guatemala City,14.6424667,-90.5131361
1996,Haiti,14,HTI,HT-NO,Port-au-Prince,18.547327,-72.3395928
1996,Hungary,3,HUN,HU-SS,Budapest,47.4978789,19.0402383
1996,India,3,IND,IN-ML,New Delhi,28.6138954,77.2090057
1996,"Iran, Islamic Republic of",10,IRN,IR-29,,,
1996,Iraq,15,IRQ,IQ-SD,Baghdad,33.3061701,44.3872213
1996,Ireland,9,IRL,IE-LH,Dublin,53.3493795,-6.2605593
1996,Israel,12,ISR,IL-TA,Jerusalem,31.7788242,35.2257626
1996,Japan,13,JPN,JP-22,Tokyo,35.6821936,139.762221
1996,Jordan,4,JOR,JO-AM,Amman,31.9515694,35.9239625
1996,"Korea, Democratic People's Republic of",18,PRK,KP-10,,,
1996,"Korea, Republic of",1,KOR,KR-47,,,
1996,Kuwait,6,KWT,KW-HA,Kuwait City,29.3796532,47.9734174
1996,Liberia,3,LBR,LR-SI,Monrovia,6.328034,-10.797788
1996,Libya,2,LBY,LY-BU,Tripoli,32.896672,13.1777923
1996,Malawi,1,MWI,MW-CT,Lilongwe,-13.9875107,33.768144
1996,Mali,1,MLI,ML-BKO,Bamako,12.6132655,-7.9847391
1996,Mexico,9,MEX,MX-NAY,Mexico City,19.4326296,-99.1331785
1996,Mozambique,3,MOZ,MZ-N,Maputo,-25.966213,32.56745
1996,Namibia,2,NAM,NA-OS,Windhoek,-22.5776104,17.0772739
1996,Nigeria,1,NGA,NG-KO,Abuja,9.0643305,7.4892974
1996,Pakistan,2,PAK,PK-GB,Islamabad,33.6938118,73.0651511
1996,Peru,2,PER,PE-UCA,Lima,-12.0621065,-77.0365256
1996,Philippines,2,PHL,PH-CEB,Manila,14.5906346,120.9799964
1996,Poland,1,POL,PL-22,Warsaw,52.2319581,21.0067249
1996,Romania,1,ROU,RO-SJ,Bucharest,44.4361414,26.1027202
1996,Russian Federation,58,RUS,RU-KGD,Moscow,55.7505412,37.6174782
1996,Rwanda,9,RWA,RW-04,Kigali,-1.950851,30.061507
1996,Sierra Leone,1,SLE,SL-E,Freetown,8.479004,-13.26795
1996,Slovakia,1,SVK,SK-NI,Bratislava,48.1516988,17.1093063
1996,Somalia,5,SOM,SO-JH,Mogadishu,2.0349312,45.3419183
1996,South Africa,17,ZAF,ZA-FS,Pretoria,-25.7459277,28.1879101
1996,Spain,1,ESP,ES-SG,Madrid,40.4167047,-3.7035825
1996,Sudan,3,SDN,SD-NB,Khartoum,15.5635972,32.5349123
1996,"Taiwan, Province of China",2,TWN,TW-PIF,,,
1996,Thailand,1,THA,TH-10,Bangkok,13.7524938,100.4935089
1996,Ukraine,22,UKR,UA-14,Kiev,50.4500336,30.5241361
1996,United Kingdom,2,GBR,GB-RUT,London,51.5074456,-0.1277653
1996,United States,157,USA,US-MA,Washington D.C.,38.8950368,-77.0365427
1996,Uruguay,12,URY,UY-FS,Montevideo,-34.9058916,-56.1913095
1996,Zambia,1,ZMB,ZM-09,Lusaka,-15.4163395,28.2818414
1997,Afghanistan,1,AFG,AF-KNR,Kabul,34.5260109,69.1776838
1997,Albania,1,ALB,AL-09,Tirana,41.3281482,19.8184435
1997,Angola,1,AGO,AO-CUS,Luanda,-8.8272699,13.2439512
1997,Australia,3,AUS,AU-TAS,Canberra,-35.2975906,149.1012676
1997,Belarus,1,BLR,BY-VI,Minsk,53.9024716,27.5618225
1997,Burundi,1,BDI,BI-NG,Bujumbura,-3.3638125,29.3675028
1997,Cambodia,1,KHM,KH-9,Phnom Penh,11.568271,104.9224426
1997,Canada,4,CAN,CA-PE,Ottawa,45.4208777,-75.6901106
1997,Chile,3,CHL,CL-NB,Santiago,9.8694792,-83.7980749
1997,China,23,CHN,CN-HL,Beijing,39.9057136,116.3912972
1997,Colombia,2,COL,CO-AMA,Bogotá,4.6533816,-74.0836333
1997,Cuba,3,CUB,CU-10,Havana,23.135305,-82.3589631
1997,Cyprus,2,CYP,CY-01,Nicosia,35.1746503,33.3638783
1997,Ecuador,1,ECU,EC-SD,Quito,-0.2201641,-78.5123274
1997,Guatemala,1,GTM,GT-TO,Guatemala City,14.6424667,-90.5131361
1997,Haiti,10,HTI,HT-NO,Port-au-Prince,18.547327,-72.3395928
1997,Hong Kong,1,HKG,,City of Victoria,-37.0,145.0
1997,Hungary,1,HUN,HU-SS,Budapest,47.4978789,19.0402383
1997,India,3,IND,IN-ML,New Delhi,28.6138954,77.2090057
1997,Indonesia,2,IDN,ID-JW,Jakarta,-6.175247,106.8270488
1997,"Iran, Islamic Republic of",9,IRN,IR-29,,,
1997,Iraq,10,IRQ,IQ-SD,Baghdad,33.3061701,44.3872213
1997,Ireland,4,IRL,IE-LH,Dublin,53.3493795,-6.2605593
1997,Israel,3,ISR,IL-TA,Jerusalem,31.7788242,35.2257626
1997,Italy,1,ITA,IT-CS,Rome,41.8933203,12.4829321
1997,Japan,12,JPN,JP-22,Tokyo,35.6821936,139.762221
1997,"Korea, Democratic People's Republic of",5,PRK,KP-10,,,
1997,"Korea, Republic of",3,KOR,KR-47,,,
1997,Kuwait,1,KWT,KW-HA,Kuwait City,29.3796532,47.9734174
1997,Liberia,1,LBR,LR-SI,Monrovia,6.328034,-10.797788
1997,Libya,4,LBY,LY-BU,Tripoli,32.896672,13.1777923
1997,Malaysia,1,MYS,MY-07,Kuala Lumpur,3.1516964,101.6942371
1997,Mexico,8,MEX,MX-NAY,Mexico City,19.4326296,-99.1331785
1997,Nigeria,3,NGA,NG-KO,Abuja,9.0643305,7.4892974
1997,Pakistan,3,PAK,PK-GB,Islamabad,33.6938118,73.0651511
1997,Panama,1,PAN,PA-6,Panama City,8.9714493,-79.5341802
1997,Paraguay,2,PRY,PY-1,Asunción,-25.2800459,-57.6343814
1997,Peru,1,PER,PE-UCA,Lima,-12.0621065,-77.0365256
1997,Philippines,2,PHL,PH-CEB,Manila,14.5906346,120.9799964
1997,Poland,1,POL,PL-22,Warsaw,52.2319581,21.0067249
1997,Russian Federation,29,RUS,RU-KGD,Moscow,55.7505412,37.6174782
1997,Serbia,1,SRB,RS-12,Belgrade,44.8178131,20.4568974
1997,Singapore,4,SGP,SG-01,Singapore,1.357107,103.8194992
1997,South Africa,4,ZAF,ZA-FS,Pretoria,-25.7459277,28.1879101
1997,"Taiwan, Province of China",1,TWN,TW-PIF,,,
1997,Thailand,2,THA,TH-10,Bangkok,13.7524938,100.4935089
1997,Ukraine,11,UKR,UA-14,Kiev,50.4500336,30.5241361
1997,United States,71,USA,US-MA,Washington D.C.,38.8950368,-77.0365427
1997,Uruguay,5,URY,UY-FS,Montevideo,-34.9058916,-56.1913095
1997,"Venezuela, Bolivarian Republic of",3,VEN,VE-J,,,
1998,Afghanistan,5,AFG,AF-KNR,Kabul,34.5260109,69.1776838
1998,Angola,2,AGO,AO-CUS,Luanda,-8.8272699,13.2439512
1998,Argentina,2,ARG,AR-H,Buenos Aires,-34.6037181,-58.38153
1998,Australia,4,AUS,AU-TAS,Canberra,-35.2975906,149.1012676
1998,Barbados,1,BRB,BB-10,Bridgetown,13.0977832,-59.6184184
1998,Belarus,4,BLR,BY-VI,Minsk,53.9024716,27.5618225
1998,Benin,1,BEN,BJ-LI,Porto-Novo,6.4990718,2.6253361
1998,Brazil,2,BRA,BR-AC,Brasília,-10.3333333,-53.2
1998,Bulgaria,1,BGR,BG-15,Sofia,42.6977028,23.3217359
1998,Burundi,1,BDI,BI-NG,Bujumbura,-3.3638125,29.3675028
1998,Cambodia,1,KHM,KH-9,Phnom Penh,11.568271,104.9224426
1998,Canada,3,CAN,CA-PE,Ottawa,45.4208777,-75.6901106
1998,Chile,3,CHL,CL-NB,Santiago,9.8694792,-83.7980749
1998,China,47,CHN,CN-HL,Beijing,39.9057136,116.3912972
1998,Congo,5,COG,CG-2,,,
1998,Costa Rica,1,CRI,CR-P,San José,9.9325427,-84.0795782
1998,Cuba,5,CUB,CU-10,Havana,23.135305,-82.3589631
1998,Cyprus,2,CYP,CY-01,Nicosia,35.1746503,33.3638783
1998,Ecuador,3,ECU,EC-SD,Quito,-0.2201641,-78.5123274
1998,Eritrea,1,ERI,ER-MA,Asmara,15.3389667,38.9326763
1998,Estonia,2,EST,EE-478,Tallinn,59.4372155,24.7453688
1998,Ethiopia,2,ETH,ET-BE,Addis Ababa,9.0358287,38.7524127
1998,France,1,FRA,FR-YT,Paris,48.8588897,2.320041
1998,Georgia,1,GEO,GE-RL,Tbilisi,41.6934591,44.8014495
1998,Germany,2,DEU,DE-RP,Berlin,52.5170365,13.3888599
1998,Ghana,1,GHA,GH-AF,Accra,5.5571096,-0.2012376
1998,Haiti,10,HTI,HT-NO,Port-au-Prince,18.547327,-72.3395928
1998,Hungary,4,HUN,HU-SS,Budapest,47.4978789,19.0402383
1998,India,9,IND,IN-ML,New Delhi,28.6138954,77.2090057
1998,Indonesia,3,IDN,ID-JW,Jakarta,-6.175247,106.8270488
1998,"Iran, Islamic Republic of",13,IRN,IR-29,,,
1998,Iraq,18,IRQ,IQ-SD,Baghdad,33.3061701,44.3872213
1998,Ireland,12,IRL,IE-LH,Dublin,53.3493795,-6.2605593
1998,Israel,4,ISR,IL-TA,Jerusalem,31.7788242,35.2257626
1998,Italy,1,ITA,IT-CS,Rome,41.8933203,12.4829321
1998,Japan,24,JPN,JP-22,Tokyo,35.6821936,139.762221
1998,Kazakhstan,4,KAZ,KZ-KAR,Astana,51.1282205,71.4306682
1998,Kenya,1,KEN,KE-39,Nairobi,-1.2832533,36.8172449
1998,"Korea, Democratic People's Republic of",8,PRK,KP-10,,,
1998,"Korea, Republic of",10,KOR,KR-47,,,
1998,Kuwait,2,KWT,KW-HA,Kuwait City,29.3796532,47.9734174
1998,Latvia,2,LVA,LV-100,Riga,56.9493977,24.1051846
1998,Liberia,1,LBR,LR-SI,Monrovia,6.328034,-10.797788
1998,Libya,5,LBY,LY-BU,Tripoli,32.896672,13.1777923
1998,Lithuania,2,LTU,LT-54,Vilnius,54.6870458,25.2829111
1998,Malawi,1,MWI,MW-CT,Lilongwe,-13.9875107,33.768144
1998,Malaysia,1,MYS,MY-07,Kuala Lumpur,3.1516964,101.6942371
1998,Mali,2,MLI,ML-BKO,Bamako,12.6132655,-7.9847391
1998,Mexico,8,MEX,MX-NAY,Mexico City,19.4326296,-99.1331785
1998,Mozambique,1,MOZ,MZ-N,Maputo,-25.966213,32.56745
1998,Namibia,1,NAM,NA-OS,Windhoek,-22.5776104,17.0772739
1998,Nigeria,7,NGA,NG-KO,Abuja,9.0643305,7.4892974
1998,Pakistan,8,PAK,PK-GB,Islamabad,33.6938118,73.0651511
1998,Panama,1,PAN,PA-6,Panama City,8.9714493,-79.5341802
1998,Paraguay,1,PRY,PY-1,Asunción,-25.2800459,-57.6343814
1998,Peru,3,PER,PE-UCA,Lima,-12.0621065,-77.0365256
1998,Philippines,3,PHL,PH-CEB,Manila,14.5906346,120.9799964
1998,Poland,4,POL,PL-22,Warsaw,52.2319581,21.0067249
1998,Romania,1,ROU,RO-SJ,Bucharest,44.4361414,26.1027202
1998,Russian Federation,33,RUS,RU-KGD,Moscow,55.7505412,37.6174782
1998,Rwanda,4,RWA,RW-04,Kigali,-1.950851,30.061507
1998,Senegal,1,SEN,SN-LG,Dakar,14.693425,-17.447938
1998,Sierra Leone,1,SLE,SL-E,Freetown,8.479004,-13.26795
1998,Singapore,2,SGP,SG-01,Singapore,1.357107,103.8194992
1998,Slovenia,1,SVN,SI-094,Ljubljana,46.0500268,14.5069289
1998,South Africa,6,ZAF,ZA-FS,Pretoria,-25.7459277,28.1879101
1998,Sudan,5,SDN,SD-NB,Khartoum,15.5635972,32.5349123
1998,"Taiwan, Province of China",2,TWN,TW-PIF,,,
1998,"Tanzania, United Republic of",1,TZA,TZ-15,,,
1998,Thailand,7,THA,TH-10,Bangkok,13.7524938,100.4935089
1998,Uganda,2,UGA,UG-406,Kampala,0.3177137,32.5813539
1998,Ukraine,17,UKR,UA-14,Kiev,50.4500336,30.5241361
1998,United Kingdom,1,GBR,GB-RUT,London,51.5074456,-0.1277653
1998,United States,169,USA,US-MA,Washington D.C.,38.8950368,-77.0365427
1998,Uruguay,5,URY,UY-FS,Montevideo,-34.9058916,-56.1913095
1998,"Venezuela, Bolivarian Republic of",3,VEN,VE-J,,,
1999,Afghanistan,2,AFG,AF-KNR,Kabul,34.5260109,69.1776838
1999,Albania,2,ALB,AL-09,Tirana,41.3281482,19.8184435
1999,Algeria,2,DZA,DZ-02,Algiers,36.7753606,3.0601882
1999,Argentina,2,ARG,AR-H,Buenos Aires,-34.6037181,-58.38153
1999,Armenia,1,ARM,AM-VD,Yerevan,40.1777112,44.5126233
1999,Australia,7,AUS,AU-TAS,Canberra,-35.2975906,149.1012676
1999,Azerbaijan,1,AZE,AZ-DAS,Baku,40.3755885,49.8328009
1999,Belarus,4,BLR,BY-VI,Minsk,53.9024716,27.5618225
1999,Brazil,2,BRA,BR-AC,Brasília,-10.3333333,-53.2
1999,Bulgaria,1,BGR,BG-15,Sofia,42.6977028,23.3217359
1999,Burundi,1,BDI,BI-NG,Bujumbura,-3.3638125,29.3675028
1999,Cambodia,1,KHM,KH-9,Phnom Penh,11.568271,104.9224426
1999,Canada,6,CAN,CA-PE,Ottawa,45.4208777,-75.6901106
1999,Chile,3,CHL,CL-NB,Santiago,9.8694792,-83.7980749
1999,China,33,CHN,CN-HL,Beijing,39.9057136,116.3912972
1999,Colombia,8,COL,CO-AMA,Bogotá,4.6533816,-74.0836333
1999,Congo,3,COG,CG-2,,,
1999,Croatia,5,HRV,HR-02,Zagreb,45.8426414,15.9622315
1999,Cuba,2,CUB,CU-10,Havana,23.135305,-82.3589631
1999,Cyprus,5,CYP,CY-01,Nicosia,35.1746503,33.3638783
1999,Ecuador,5,ECU,EC-SD,Quito,-0.2201641,-78.5123274
1999,Eritrea,1,ERI,ER-MA,Asmara,15.3389667,38.9326763
1999,Estonia,3,EST,EE-478,Tallinn,59.4372155,24.7453688
1999,Ethiopia,1,ETH,ET-BE,Addis Ababa,9.0358287,38.7524127
1999,Georgia,5,GEO,GE-RL,Tbilisi,41.6934591,44.8014495
1999,Germany,1,DEU,DE-RP,Berlin,52.5170365,13.3888599
1999,Greece,2,GRC,GR-G,Athens,37.9755648,23.7348324
1999,Haiti,6,HTI,HT-NO,Port-au-Prince,18.547327,-72.3395928
1999,Hungary,2,HUN,HU-SS,Budapest,47.4978789,19.0402383
1999,India,5,IND,IN-ML,New Delhi,28.6138954,77.2090057
1999,Indonesia,9,IDN,ID-JW,Jakarta,-6.175247,106.8270488
1999,"Iran, Islamic Republic of",12,IRN,IR-29,,,
1999,Iraq,14,IRQ,IQ-SD,Baghdad,33.3061701,44.3872213
1999,Ireland,9,IRL,IE-LH,Dublin,53.3493795,-6.2605593
1999,Israel,8,ISR,IL-TA,Jerusalem,31.7788242,35.2257626
1999,Japan,26,JPN,JP-22,Tokyo,35.6821936,139.762221
1999,Kazakhstan,5,KAZ,KZ-KAR,Astana,51.1282205,71.4306682
1999,"Korea, Democratic People's Republic of",13,PRK,KP-10,,,
1999,"Korea, Republic of",4,KOR,KR-47,,,
1999,Kuwait,2,KWT,KW-HA,Kuwait City,29.3796532,47.9734174
1999,Kyrgyzstan,1,KGZ,KG-C,Bishkek,42.8777895,74.6066926
1999,Latvia,3,LVA,LV-100,Riga,56.9493977,24.1051846
1999,Lebanon,1,LBN,LB-BH,Beirut,33.8892265,35.5025585
1999,Libya,4,LBY,LY-BU,Tripoli,32.896672,13.1777923
1999,Lithuania,3,LTU,LT-54,Vilnius,54.6870458,25.2829111
1999,Mexico,8,MEX,MX-NAY,Mexico City,19.4326296,-99.1331785
1999,Montenegro,2,MNE,ME-09,,,
1999,Morocco,1,MAR,MA-KEN,Rabat,34.02236,-6.8340222
1999,New Zealand,2,NZL,NZ-CAN,Wellington,-41.2887953,174.7772114
1999,Nigeria,10,NGA,NG-KO,Abuja,9.0643305,7.4892974
1999,Pakistan,7,PAK,PK-GB,Islamabad,33.6938118,73.0651511
1999,Paraguay,1,PRY,PY-1,Asunción,-25.2800459,-57.6343814
1999,Peru,5,PER,PE-UCA,Lima,-12.0621065,-77.0365256
1999,Philippines,2,PHL,PH-CEB,Manila,14.5906346,120.9799964
1999,Poland,2,POL,PL-22,Warsaw,52.2319581,21.0067249
1999,Romania,1,ROU,RO-SJ,Bucharest,44.4361414,26.1027202
1999,Russian Federation,48,RUS,RU-KGD,Moscow,55.7505412,37.6174782
1999,Rwanda,3,RWA,RW-04,Kigali,-1.950851,30.061507
1999,Serbia,9,SRB,RS-12,Belgrade,44.8178131,20.4568974
1999,Sierra Leone,3,SLE,SL-E,Freetown,8.479004,-13.26795
1999,Singapore,1,SGP,SG-01,Singapore,1.357107,103.8194992
1999,Slovenia,1,SVN,SI-094,Ljubljana,46.0500268,14.5069289
1999,South Africa,5,ZAF,ZA-FS,Pretoria,-25.7459277,28.1879101
1999,Sudan,5,SDN,SD-NB,Khartoum,15.5635972,32.5349123
1999,"Taiwan, Province of China",4,TWN,TW-PIF,,,
1999,Thailand,6,THA,TH-10,Bangkok,13.7524938,100.4935089
1999,Tunisia,1,TUN,TN-73,Tunis,33.8439408,9.400138
1999,Turkmenistan,1,TKM,TM-S,Ashgabat,37.9404648,58.3823487
1999,Ukraine,12,UKR,UA-14,Kiev,50.4500336,30.5241361
1999,United States,152,USA,US-MA,Washington D.C.,38.8950368,-77.0365427
1999,Uruguay,2,URY,UY-FS,Montevideo,-34.9058916,-56.1913095
1999,"Venezuela, Bolivarian Republic of",2,VEN,VE-J,,,
1999,Western Sahara,1,ESH,,El Aaiún,27.154512,-13.1953921
2000,Afghanistan,4,AFG,AF-KNR,Kabul,34.5260109,69.1776838
2000,Albania,3,ALB,AL-09,Tirana,41.3281482,19.8184435
2000,Algeria,1,DZA,DZ-02,Algiers,36.7753606,3.0601882
2000,Angola,2,AGO,AO-CUS,Luanda,-8.8272699,13.2439512
2000,Argentina,1,ARG,AR-H,Buenos Aires,-34.6037181,-58.38153
2000,Armenia,1,ARM,AM-VD,Yerevan,40.1777112,44.5126233
2000,Australia,6,AUS,AU-TAS,Canberra,-35.2975906,149.1012676
2000,Austria,1,AUT,AT-8,Vienna,48.2083537,16.3725042
2000,Belarus,4,BLR,BY-VI,Minsk,53.9024716,27.5618225
2000,Belize,1,BLZ,BZ-SC,Belmopan,17.250199,-88.770018
2000,Bosnia and Herzegovina,2,BIH,BA-BRC,Sarajevo,43.8519774,18.3866868
2000,Brazil,1,BRA,BR-AC,Brasília,-10.3333333,-53.2
2000,Burundi,1,BDI,BI-NG,Bujumbura,-3.3638125,29.3675028
2000,Canada,9,CAN,CA-PE,Ottawa,45.4208777,-75.6901106
2000,Chile,1,CHL,CL-NB,Santiago,9.8694792,-83.7980749
2000,China,53,CHN,CN-HL,Beijing,39.9057136,116.3912972
2000,Colombia,8,COL,CO-AMA,Bogotá,4.6533816,-74.0836333
2000,Congo,2,COG,CG-2,,,
2000,Croatia,9,HRV,HR-02,Zagreb,45.8426414,15.9622315
2000,Cuba,1,CUB,CU-10,Havana,23.135305,-82.3589631
2000,Cyprus,4,CYP,CY-01,Nicosia,35.1746503,33.3638783
2000,Dominican Republic,1,DOM,DO-22,Santo Domingo,18.4801972,-69.942111
2000,Ecuador,3,ECU,EC-SD,Quito,-0.2201641,-78.5123274
2000,Eritrea,3,ERI,ER-MA,Asmara,15.3389667,38.9326763
2000,Estonia,3,EST,EE-478,Tallinn,59.4372155,24.7453688
2000,Ethiopia,5,ETH,ET-BE,Addis Ababa,9.0358287,38.7524127
2000,Fiji,1,FJI,FJ-01,Suva,-18.1415884,178.4421662
2000,Georgia,3,GEO,GE-RL,Tbilisi,41.6934591,44.8014495
2000,Germany,3,DEU,DE-RP,Berlin,52.5170365,13.3888599
2000,Ghana,2,GHA,GH-AF,Accra,5.5571096,-0.2012376
2000,Greece,2,GRC,GR-G,Athens,37.9755648,23.7348324
2000,Guatemala,2,GTM,GT-TO,Guatemala City,14.6424667,-90.5131361
2000,Haiti,4,HTI,HT-NO,Port-au-Prince,18.547327,-72.3395928
2000,Honduras,1,HND,HN-OC,Tegucigalpa,14.1057433,-87.2040052
2000,Hungary,2,HUN,HU-SS,Budapest,47.4978789,19.0402383
2000,India,12,IND,IN-ML,New Delhi,28.6138954,77.2090057
2000,Indonesia,10,IDN,ID-JW,Jakarta,-6.175247,106.8270488
2000,"Iran, Islamic Republic of",15,IRN,IR-29,,,
2000,Iraq,15,IRQ,IQ-SD,Baghdad,33.3061701,44.3872213
2000,Ireland,8,IRL,IE-LH,Dublin,53.3493795,-6.2605593
2000,Israel,6,ISR,IL-TA,Jerusalem,31.7788242,35.2257626
2000,Japan,32,JPN,JP-22,Tokyo,35.6821936,139.762221
2000,Jordan,1,JOR,JO-AM,Amman,31.9515694,35.9239625
2000,Kazakhstan,4,KAZ,KZ-KAR,Astana,51.1282205,71.4306682
2000,Kenya,4,KEN,KE-39,Nairobi,-1.2832533,36.8172449
2000,"Korea, Democratic People's Republic of",12,PRK,KP-10,,,
2000,"Korea, Republic of",6,KOR,KR-47,,,
2000,Kuwait,2,KWT,KW-HA,Kuwait City,29.3796532,47.9734174
2000,Kyrgyzstan,1,KGZ,KG-C,Bishkek,42.8777895,74.6066926
2000,Latvia,3,LVA,LV-100,Riga,56.9493977,24.1051846
2000,Lebanon,1,LBN,LB-BH,Beirut,33.8892265,35.5025585
2000,Libya,4,LBY,LY-BU,Tripoli,32.896672,13.1777923
2000,Lithuania,3,LTU,LT-54,Vilnius,54.6870458,25.2829111
2000,Malawi,2,MWI,MW-CT,Lilongwe,-13.9875107,33.768144
2000,Mali,2,MLI,ML-BKO,Bamako,12.6132655,-7.9847391
2000,Mexico,13,MEX,MX-NAY,Mexico City,19.4326296,-99.1331785
2000,Montenegro,8,MNE,ME-09,,,
2000,Morocco,1,MAR,MA-KEN,Rabat,34.02236,-6.8340222
2000,Mozambique,2,MOZ,MZ-N,Maputo,-25.966213,32.56745
2000,New Zealand,2,NZL,NZ-CAN,Wellington,-41.2887953,174.7772114
2000,Nicaragua,2,NIC,NI-MD,Managua,12.1544035,-86.2737642
2000,Nigeria,11,NGA,NG-KO,Abuja,9.0643305,7.4892974
2000,Norway,1,NOR,NO-34,Oslo,59.9133301,10.7389701
2000,Pakistan,15,PAK,PK-GB,Islamabad,33.6938118,73.0651511
2000,Paraguay,2,PRY,PY-1,Asunción,-25.2800459,-57.6343814
2000,Peru,3,PER,PE-UCA,Lima,-12.0621065,-77.0365256
2000,Philippines,3,PHL,PH-CEB,Manila,14.5906346,120.9799964
2000,Poland,3,POL,PL-22,Warsaw,52.2319581,21.0067249
2000,Russian Federation,60,RUS,RU-KGD,Moscow,55.7505412,37.6174782
2000,Rwanda,2,RWA,RW-04,Kigali,-1.950851,30.061507
2000,Senegal,2,SEN,SN-LG,Dakar,14.693425,-17.447938
2000,Serbia,4,SRB,RS-12,Belgrade,44.8178131,20.4568974
2000,Sierra Leone,3,SLE,SL-E,Freetown,8.479004,-13.26795
2000,Singapore,3,SGP,SG-01,Singapore,1.357107,103.8194992
2000,Slovenia,1,SVN,SI-094,Ljubljana,46.0500268,14.5069289
2000,South Africa,6,ZAF,ZA-FS,Pretoria,-25.7459277,28.1879101
2000,Sudan,4,SDN,SD-NB,Khartoum,15.5635972,32.5349123
2000,Switzerland,1,CHE,CH-SH,Bern,46.9484742,7.4521749
2000,"Taiwan, Province of China",10,TWN,TW-PIF,,,
2000,"Tanzania, United Republic of",2,TZA,TZ-15,,,
2000,Thailand,8,THA,TH-10,Bangkok,13.7524938,100.4935089
2000,Tunisia,1,TUN,TN-73,Tunis,33.8439408,9.400138
2000,Uganda,2,UGA,UG-406,Kampala,0.3177137,32.5813539
2000,Ukraine,13,UKR,UA-14,Kiev,50.4500336,30.5241361
2000,United Kingdom,1,GBR,GB-RUT,London,51.5074456,-0.1277653
2000,United States,256,USA,US-MA,Washington D.C.,38.8950368,-77.0365427
2000,Uruguay,2,URY,UY-FS,Montevideo,-34.9058916,-56.1913095
2000,"Venezuela, Bolivarian Republic of",2,VEN,VE-J,,,
2000,Yemen,1,YEM,YE-HU,Sana'a,15.3538569,44.2058841
2000,Zambia,2,ZMB,ZM-09,Lusaka,-15.4163395,28.2818414
2000,Zimbabwe,1,ZWE,ZW-MW,Harare,-17.831773,31.045686
2002,Afghanistan,6,AFG,AF-KNR,Kabul,34.5260109,69.1776838
2002,Australia,3,AUS,AU-TAS,Canberra,-35.2975906,149.1012676
2002,Brazil,1,BRA,BR-AC,Brasília,-10.3333333,-53.2
2002,Canada,3,CAN,CA-PE,Ottawa,45.4208777,-75.6901106
2002,Chile,2,CHL,CL-NB,Santiago,9.8694792,-83.7980749
2002,China,18,CHN,CN-HL,Beijing,39.9057136,116.3912972
2002,Colombia,3,COL,CO-AMA,Bogotá,4.6533816,-74.0836333
2002,Ethiopia,1,ETH,ET-BE,Addis Ababa,9.0358287,38.7524127
2002,Germany,1,DEU,DE-RP,Berlin,52.5170365,13.3888599
2002,India,15,IND,IN-ML,New Delhi,28.6138954,77.2090057
2002,Indonesia,3,IDN,ID-JW,Jakarta,-6.175247,106.8270488
2002,"Iran, Islamic Republic of",1,IRN,IR-29,,,
2002,Iraq,1,IRQ,IQ-SD,Baghdad,33.3061701,44.3872213
2002,Israel,5,ISR,IL-TA,Jerusalem,31.7788242,35.2257626
2002,Japan,5,JPN,JP-22,Tokyo,35.6821936,139.762221
2002,Jordan,1,JOR,JO-AM,Amman,31.9515694,35.9239625
2002,Kenya,1,KEN,KE-39,Nairobi,-1.2832533,36.8172449
2002,"Korea, Democratic People's Republic of",1,PRK,KP-10,,,
2002,"Korea, Republic of",1,KOR,KR-47,,,
2002,Mexico,3,MEX,MX-NAY,Mexico City,19.4326296,-99.1331785
2002,Morocco,1,MAR,MA-KEN,Rabat,34.02236,-6.8340222
2002,New Zealand,1,NZL,NZ-CAN,Wellington,-41.2887953,174.7772114
2002,Nigeria,1,NGA,NG-KO,Abuja,9.0643305,7.4892974
2002,Pakistan,5,PAK,PK-GB,Islamabad,33.6938118,73.0651511
2002,Philippines,1,PHL,PH-CEB,Manila,14.5906346,120.9799964
2002,Russian Federation,19,RUS,RU-KGD,Moscow,55.7505412,37.6174782
2002,Singapore,2,SGP,SG-01,Singapore,1.357107,103.8194992
2002,South Africa,1,ZAF,ZA-FS,Pretoria,-25.7459277,28.1879101
2002,"Taiwan, Province of China",4,TWN,TW-PIF,,,
2002,Thailand,1,THA,TH-10,Bangkok,13.7524938,100.4935089
2002,United States,84,USA,US-MA,Washington D.C.,38.8950368,-77.0365427
2006,Afghanistan,15,AFG,AF-KNR,Kabul,34.5260109,69.1776838
2006,Armenia,1,ARM,AM-VD,Yerevan,40.1777112,44.5126233
2006,Australia,3,AUS,AU-TAS,Canberra,-35.2975906,149.1012676
2006,Bahrain,2,BHR,BH-15,Manama,26.2235041,50.5822436
2006,Belarus,1,BLR,BY-VI,Minsk,53.9024716,27.5618225
2006,Botswana,2,BWA,BW-NW,Gaborone,-24.6581357,25.9088474
2006,Brazil,1,BRA,BR-AC,Brasília,-10.3333333,-53.2
2006,Cambodia,1,KHM,KH-9,Phnom Penh,11.568271,104.9224426
2006,Canada,2,CAN,CA-PE,Ottawa,45.4208777,-75.6901106
2006,Chile,2,CHL,CL-NB,Santiago,9.8694792,-83.7980749
2006,China,28,CHN,CN-HL,Beijing,39.9057136,116.3912972
2006,Colombia,2,COL,CO-AMA,Bogotá,4.6533816,-74.0836333
2006,Costa Rica,1,CRI,CR-P,San José,9.9325427,-84.0795782
2006,Cuba,2,CUB,CU-10,Havana,23.135305,-82.3589631
2006,Dominican Republic,2,DOM,DO-22,Santo Domingo,18.4801972,-69.942111
2006,Ecuador,1,ECU,EC-SD,Quito,-0.2201641,-78.5123274
2006,Egypt,3,EGY,EG-BNS,Cairo,30.0443879,31.2357257
2006,El Salvador,1,SLV,SV-UN,San Salvador,13.6989939,-89.1914249
2006,Eritrea,1,ERI,ER-MA,Asmara,15.3389667,38.9326763
2006,Ethiopia,1,ETH,ET-BE,Addis Ababa,9.0358287,38.7524127
2006,Georgia,1,GEO,GE-RL,Tbilisi,41.6934591,44.8014495
2006,Guatemala,1,GTM,GT-TO,Guatemala City,14.6424667,-90.5131361
2006,Honduras,1,HND,HN-OC,Tegucigalpa,14.1057433,-87.2040052
2006,India,11,IND,IN-ML,New Delhi,28.6138954,77.2090057
2006,Indonesia,4,IDN,ID-JW,Jakarta,-6.175247,106.8270488
2006,"Iran, Islamic Republic of",10,IRN,IR-29,,,
2006,Iraq,32,IRQ,IQ-SD,Baghdad,33.3061701,44.3872213
2006,Ireland,2,IRL,IE-LH,Dublin,53.3493795,-6.2605593
2006,Israel,6,ISR,IL-TA,Jerusalem,31.7788242,35.2257626
2006,Japan,5,JPN,JP-22,Tokyo,35.6821936,139.762221
2006,Jordan,4,JOR,JO-AM,Amman,31.9515694,35.9239625
2006,Kazakhstan,1,KAZ,KZ-KAR,Astana,51.1282205,71.4306682
2006,Kuwait,1,KWT,KW-HA,Kuwait City,29.3796532,47.9734174
2006,Kyrgyzstan,1,KGZ,KG-C,Bishkek,42.8777895,74.6066926
2006,Lebanon,1,LBN,LB-BH,Beirut,33.8892265,35.5025585
2006,Lesotho,1,LSO,LS-F,Maseru,-29.5816942,27.8243208
2006,Liberia,1,LBR,LR-SI,Monrovia,6.328034,-10.797788
2006,Libya,2,LBY,LY-BU,Tripoli,32.896672,13.1777923
2006,Malaysia,3,MYS,MY-07,Kuala Lumpur,3.1516964,101.6942371
2006,Mexico,1,MEX,MX-NAY,Mexico City,19.4326296,-99.1331785
2006,Morocco,4,MAR,MA-KEN,Rabat,34.02236,-6.8340222
2006,Namibia,1,NAM,NA-OS,Windhoek,-22.5776104,17.0772739
2006,Nepal,2,NPL,NP-P6,Kathmandu,27.708317,85.3205817
2006,Nicaragua,1,NIC,NI-MD,Managua,12.1544035,-86.2737642
2006,Oman,2,OMN,OM-BS,Muscat,23.61515,58.5912467
2006,Pakistan,9,PAK,PK-GB,Islamabad,33.6938118,73.0651511
2006,Panama,1,PAN,PA-6,Panama City,8.9714493,-79.5341802
2006,Peru,1,PER,PE-UCA,Lima,-12.0621065,-77.0365256
2006,Philippines,1,PHL,PH-CEB,Manila,14.5906346,120.9799964
2006,Poland,1,POL,PL-22,Warsaw,52.2319581,21.0067249
2006,Russian Federation,16,RUS,RU-KGD,Moscow,55.7505412,37.6174782
2006,Saudi Arabia,5,SAU,SA-10,Riyadh,24.638916,46.7160104
2006,Singapore,2,SGP,SG-01,Singapore,1.357107,103.8194992
2006,Slovakia,1,SVK,SK-NI,Bratislava,48.1516988,17.1093063
2006,South Africa,1,ZAF,ZA-FS,Pretoria,-25.7459277,28.1879101
2006,Spain,1,ESP,ES-SG,Madrid,40.4167047,-3.7035825
2006,Sudan,2,SDN,SD-NB,Khartoum,15.5635972,32.5349123
2006,"Taiwan, Province of China",3,TWN,TW-PIF,,,
2006,Thailand,3,THA,TH-10,Bangkok,13.7524938,100.4935089
2006,Uganda,1,UGA,UG-406,Kampala,0.3177137,32.5813539
2006,Ukraine,3,UKR,UA-14,Kiev,50.4500336,30.5241361
2006,United Arab Emirates,1,ARE,AE-SH,Abu Dhabi,24.4538352,54.3774014
2006,United Kingdom,4,GBR,GB-RUT,London,51.5074456,-0.1277653
2006,United States,99,USA,US-MA,Washington D.C.,38.8950368,-77.0365427
2006,"Venezuela, Bolivarian Republic of",1,VEN,VE-J,,,
2006,Zimbabwe,1,ZWE,ZW-MW,Harare,-17.831773,31.045686
2010,Afghanistan,21,AFG,AF-KNR,Kabul,34.5260109,69.1776838
2010,Argentina,1,ARG,AR-H,Buenos Aires,-34.6037181,-58.38153
2010,Australia,1,AUS,AU-TAS,Canberra,-35.2975906,149.1012676
2010,Brazil,5,BRA,BR-AC,Brasília,-10.3333333,-53.2
2010,Canada,3,CAN,CA-PE,Ottawa,45.4208777,-75.6901106
2010,China,10,CHN,CN-HL,Beijing,39.9057136,116.3912972
2010,Cyprus,1,CYP,CY-01,Nicosia,35.1746503,33.3638783
2010,Egypt,1,EGY,EG-BNS,Cairo,30.0443879,31.2357257
2010,France,1,FRA,FR-YT,Paris,48.8588897,2.320041
2010,Germany,1,DEU,DE-RP,Berlin,52.5170365,13.3888599
2010,Haiti,2,HTI,HT-NO,Port-au-Prince,18.547327,-72.3395928
2010,India,9,IND,IN-ML,New Delhi,28.6138954,77.2090057
2010,Indonesia,3,IDN,ID-JW,Jakarta,-6.175247,106.8270488
2010,"Iran, Islamic Republic of",11,IRN,IR-29,,,
2010,Iraq,19,IRQ,IQ-SD,Baghdad,33.3061701,44.3872213
2010,Israel,11,ISR,IL-TA,Jerusalem,31.7788242,35.2257626
2010,Japan,2,JPN,JP-22,Tokyo,35.6821936,139.762221
2010,Jordan,1,JOR,JO-AM,Amman,31.9515694,35.9239625
2010,Kenya,1,KEN,KE-39,Nairobi,-1.2832533,36.8172449
2010,"Korea, Democratic People's Republic of",3,PRK,KP-10,,,
2010,"Korea, Republic of",3,KOR,KR-47,,,
2010,Lebanon,1,LBN,LB-BH,Beirut,33.8892265,35.5025585
2010,Liberia,1,LBR,LR-SI,Monrovia,6.328034,-10.797788
2010,Mexico,4,MEX,MX-NAY,Mexico City,19.4326296,-99.1331785
2010,Nigeria,1,NGA,NG-KO,Abuja,9.0643305,7.4892974
2010,Pakistan,14,PAK,PK-GB,Islamabad,33.6938118,73.0651511
2010,Philippines,1,PHL,PH-CEB,Manila,14.5906346,120.9799964
2010,Russian Federation,14,RUS,RU-KGD,Moscow,55.7505412,37.6174782
2010,Saudi Arabia,2,SAU,SA-10,Riyadh,24.638916,46.7160104
2010,Somalia,1,SOM,SO-JH,Mogadishu,2.0349312,45.3419183
2010,South Africa,5,ZAF,ZA-FS,Pretoria,-25.7459277,28.1879101
2010,Sudan,2,SDN,SD-NB,Khartoum,15.5635972,32.5349123
2010,"Taiwan, Province of China",1,TWN,TW-PIF,,,
2010,Thailand,1,THA,TH-10,Bangkok,13.7524938,100.4935089
2010,United Kingdom,1,GBR,GB-RUT,London,51.5074456,-0.1277653
2010,United States,128,USA,US-MA,Washington D.C.,38.8950368,-77.0365427
2010,Yemen,1,YEM,YE-HU,Sana'a,15.3538569,44.2058841
2015,Afghanistan,10,AFG,AF-KNR,Kabul,34.5260109,69.1776838
2015,Australia,2,AUS,AU-TAS,Canberra,-35.2975906,149.1012676
2015,Brazil,1,BRA,BR-AC,Brasília,-10.3333333,-53.2
2015,Canada,3,CAN,CA-PE,Ottawa,45.4208777,-75.6901106
2015,Chile,1,CHL,CL-NB,Santiago,9.8694792,-83.7980749
2015,China,12,CHN,CN-HL,Beijing,39.9057136,116.3912972
2015,Colombia,3,COL,CO-AMA,Bogotá,4.6533816,-74.0836333
2015,Congo,1,COG,CG-2,,,
2015,Cuba,2,CUB,CU-10,Havana,23.135305,-82.3589631
2015,Egypt,1,EGY,EG-BNS,Cairo,30.0443879,31.2357257
2015,El Salvador,1,SLV,SV-UN,San Salvador,13.6989939,-89.1914249
2015,France,1,FRA,FR-YT,Paris,48.8588897,2.320041
2015,Georgia,1,GEO,GE-RL,Tbilisi,41.6934591,44.8014495
2015,Germany,1,DEU,DE-RP,Berlin,52.5170365,13.3888599
2015,Guatemala,1,GTM,GT-TO,Guatemala City,14.6424667,-90.5131361
2015,Haiti,2,HTI,HT-NO,Port-au-Prince,18.547327,-72.3395928
2015,Honduras,1,HND,HN-OC,Tegucigalpa,14.1057433,-87.2040052
2015,India,6,IND,IN-ML,New Delhi,28.6138954,77.2090057
2015,Indonesia,1,IDN,ID-JW,Jakarta,-6.175247,106.8270488
2015,"Iran, Islamic Republic of",8,IRN,IR-29,,,
2015,Iraq,9,IRQ,IQ-SD,Baghdad,33.3061701,44.3872213
2015,Israel,4,ISR,IL-TA,Jerusalem,31.7788242,35.2257626
2015,Italy,1,ITA,IT-CS,Rome,41.8933203,12.4829321
2015,Japan,4,JPN,JP-22,Tokyo,35.6821936,139.762221
2015,Jordan,1,JOR,JO-AM,Amman,31.9515694,35.9239625
2015,"Korea, Democratic People's Republic of",1,PRK,KP-10,,,
2015,"Korea, Republic of",3,KOR,KR-47,,,
2015,Libya,2,LBY,LY-BU,Tripoli,32.896672,13.1777923
2015,Malaysia,1,MYS,MY-07,Kuala Lumpur,3.1516964,101.6942371
2015,Mali,1,MLI,ML-BKO,Bamako,12.6132655,-7.9847391
2015,Mexico,2,MEX,MX-NAY,Mexico City,19.4326296,-99.1331785
2015,New Zealand,1,NZL,NZ-CAN,Wellington,-41.2887953,174.7772114
2015,Nigeria,1,NGA,NG-KO,Abuja,9.0643305,7.4892974
2015,Pakistan,2,PAK,PK-GB,Islamabad,33.6938118,73.0651511
2015,Peru,1,PER,PE-UCA,Lima,-12.0621065,-77.0365256
2015,Philippines,4,PHL,PH-CEB,Manila,14.5906346,120.9799964
2015,Poland,1,POL,PL-22,Warsaw,52.2319581,21.0067249
2015,Russian Federation,8,RUS,RU-KGD,Moscow,55.7505412,37.6174782
2015,Somalia,3,SOM,SO-JH,Mogadishu,2.0349312,45.3419183
2015,South Sudan,1,SSD,SS-UY,Juba,4.8459246,31.5959173
2015,Sudan,2,SDN,SD-NB,Khartoum,15.5635972,32.5349123
2015,Thailand,2,THA,TH-10,Bangkok,13.7524938,100.4935089
2015,Tunisia,2,TUN,TN-73,Tunis,33.8439408,9.400138
2015,Ukraine,5,UKR,UA-14,Kiev,50.4500336,30.5241361
2015,United Kingdom,1,GBR,GB-RUT,London,51.5074456,-0.1277653
2015,United States,39,USA,US-MA,Washington D.C.,38.8950368,-77.0365427
2015,"Venezuela, Bolivarian Republic of",1,VEN,VE-J,,,
2015,Yemen,1,YEM,YE-HU,Sana'a,15.3538569,44.2058841
2017,Afghanistan,5,AFG,AF-KNR,Kabul,34.5260109,69.1776838
2017,Australia,3,AUS,AU-TAS,Canberra,-35.2975906,149.1012676
2017,Belgium,1,BEL,BE-WLX,Brussels,50.8465573,4.351697
2017,Canada,1,CAN,CA-PE,Ottawa,45.4208777,-75.6901106
2017,China,33,CHN,CN-HL,Beijing,39.9057136,116.3912972
2017,Cuba,3,CUB,CU-10,Havana,23.135305,-82.3589631
2017,Egypt,1,EGY,EG-BNS,Cairo,30.0443879,31.2357257
2017,El Salvador,1,SLV,SV-UN,San Salvador,13.6989939,-89.1914249
2017,France,1,FRA,FR-YT,Paris,48.8588897,2.320041
2017,Georgia,1,GEO,GE-RL,Tbilisi,41.6934591,44.8014495
2017,Germany,1,DEU,DE-RP,Berlin,52.5170365,13.3888599
2017,Guatemala,1,GTM,GT-TO,Guatemala City,14.6424667,-90.5131361
2017,Honduras,1,HND,HN-OC,Tegucigalpa,14.1057433,-87.2040052
2017,India,7,IND,IN-ML,New Delhi,28.6138954,77.2090057
2017,Indonesia,2,IDN,ID-JW,Jakarta,-6.175247,106.8270488
2017,"Iran, Islamic Republic of",12,IRN,IR-29,,,
2017,Iraq,7,IRQ,IQ-SD,Baghdad,33.3061701,44.3872213
2017,Israel,3,ISR,IL-TA,Jerusalem,31.7788242,35.2257626
2017,Japan,4,JPN,JP-22,Tokyo,35.6821936,139.762221
2017,"Korea, Democratic People's Republic of",14,PRK,KP-10,,,
2017,"Korea, Republic of",3,KOR,KR-47,,,
2017,Malaysia,2,MYS,MY-07,Kuala Lumpur,3.1516964,101.6942371
2017,New Zealand,2,NZL,NZ-CAN,Wellington,-41.2887953,174.7772114
2017,Pakistan,7,PAK,PK-GB,Islamabad,33.6938118,73.0651511
2017,Philippines,2,PHL,PH-CEB,Manila,14.5906346,120.9799964
2017,Russian Federation,25,RUS,RU-KGD,Moscow,55.7505412,37.6174782
2017,Saudi Arabia,1,SAU,SA-10,Riyadh,24.638916,46.7160104
2017,Singapore,2,SGP,SG-01,Singapore,1.357107,103.8194992
2017,Spain,1,ESP,ES-SG,Madrid,40.4167047,-3.7035825
2017,"Taiwan, Province of China",3,TWN,TW-PIF,,,
2017,Thailand,2,THA,TH-10,Bangkok,13.7524938,100.4935089
2017,Ukraine,1,UKR,UA-14,Kiev,50.4500336,30.5241361
2017,United Kingdom,2,GBR,GB-RUT,London,51.5074456,-0.1277653
2017,United States,226,USA,US-MA,Washington D.C.,38.8950368,-77.0365427
2017,"Venezuela, Bolivarian Republic of",3,VEN,VE-J,,,
2022,Afghanistan,4,AFG,AF-KNR,Kabul,34.5260109,69.1776838
2022,Antarctica,1,ATA,,,,
2022,Argentina,1,ARG,AR-H,Buenos Aires,-34.6037181,-58.38153
2022,Australia,7,AUS,AU-TAS,Canberra,-35.2975906,149.1012676
2022,Belarus,1,BLR,BY-VI,Minsk,53.9024716,27.5618225
2022,Cameroon,1,CMR,CM-OU,Yaoundé,3.8689867,11.5213344
2022,Canada,2,CAN,CA-PE,Ottawa,45.4208777,-75.6901106
2022,China,8,CHN,CN-HL,Beijing,39.9057136,116.3912972
2022,Congo,1,COG,CG-2,,,
2022,Cuba,1,CUB,CU-10,Havana,23.135305,-82.3589631
2022,Ethiopia,1,ETH,ET-BE,Addis Ababa,9.0358287,38.7524127
2022,Finland,3,FIN,FI-01,Helsinki,60.1674881,24.9427473
2022,France,1,FRA,FR-YT,Paris,48.8588897,2.320041
2022,Georgia,1,GEO,GE-RL,Tbilisi,41.6934591,44.8014495
2022,Germany,1,DEU,DE-RP,Berlin,52.5170365,13.3888599
2022,Haiti,1,HTI,HT-NO,Port-au-Prince,18.547327,-72.3395928
2022,Hong Kong,1,HKG,,City of Victoria,-37.0,145.0
2022,India,7,IND,IN-ML,New Delhi,28.6138954,77.2090057
2022,Indonesia,1,IDN,ID-JW,Jakarta,-6.175247,106.8270488
2022,"Iran, Islamic Republic of",6,IRN,IR-29,,,
2022,Ireland,1,IRL,IE-LH,Dublin,53.3493795,-6.2605593
2022,Israel,3,ISR,IL-TA,Jerusalem,31.7788242,35.2257626
2022,Italy,1,ITA,IT-CS,Rome,41.8933203,12.4829321
2022,Japan,5,JPN,JP-22,Tokyo,35.6821936,139.762221
2022,Kazakhstan,1,KAZ,KZ-KAR,Astana,51.1282205,71.4306682
2022,Kenya,1,KEN,KE-39,Nairobi,-1.2832533,36.8172449
2022,"Korea, Democratic People's Republic of",1,PRK,KP-10,,,
2022,Libya,1,LBY,LY-BU,Tripoli,32.896672,13.1777923
2022,Mexico,1,MEX,MX-NAY,Mexico City,19.4326296,-99.1331785
2022,Mozambique,1,MOZ,MZ-N,Maputo,-25.966213,32.56745
2022,New Zealand,1,NZL,NZ-CAN,Wellington,-41.2887953,174.7772114
2022,Nicaragua,1,NIC,NI-MD,Managua,12.1544035,-86.2737642
2022,Nigeria,2,NGA,NG-KO,Abuja,9.0643305,7.4892974
2022,Philippines,1,PHL,PH-CEB,Manila,14.5906346,120.9799964
2022,Russian Federation,57,RUS,RU-KGD,Moscow,55.7505412,37.6174782
2022,Senegal,1,SEN,SN-LG,Dakar,14.693425,-17.447938
2022,Somalia,2,SOM,SO-JH,Mogadishu,2.0349312,45.3419183
2022,South Africa,2,ZAF,ZA-FS,Pretoria,-25.7459277,28.1879101
2022,Sweden,3,SWE,SE-U,Stockholm,59.3251172,18.0710935
2022,"Taiwan, Province of China",7,TWN,TW-PIF,,,
2022,Tajikistan,1,TJK,TJ-KT,Dushanbe,38.5856947,68.7603747
2022,Thailand,1,THA,TH-10,Bangkok,13.7524938,100.4935089
2022,Turkmenistan,1,TKM,TM-S,Ashgabat,37.9404648,58.3823487
2022,Ukraine,32,UKR,UA-14,Kiev,50.4500336,30.5241361
2022,United Kingdom,7,GBR,GB-RUT,London,51.5074456,-0.1277653
2022,United States,115,USA,US-MA,Washington D.C.,38.8950368,-77.0365427
2022,Uzbekistan,1,UZB,UZ-XO,Tashkent,41.3123363,69.2787079
2022,"Venezuela, Bolivarian Republic of",1,VEN,VE-J,,,
2022,Yemen,2,YEM,YE-HU,Sana'a,15.3538569,44.2058841
